file_path,branch,change_type,commit_sha
backend/src/main.ts,fix/admin-mount-pr101,modified,ed9bfb8
backend/tests/organizations/admin.controller.spec.ts,fix/admin-mount-pr101,modified,ed9bfb8
backend/governance/PR-101-admin-onboarding/PR_BODY_TEMPLATE.md,fix/admin-mount-pr101,modified,ed9bfb8
backend/src/modules/organizations/governance/pr/PR-101-admin-onboarding/PR_101_EXECUTION_REPORT.md,fix/admin-mount-pr101,deleted,ed9bfb8
backend/src/modules/organizations/governance/pr/PR-101-admin-onboarding/PR_101_PLAN.md,fix/admin-mount-pr101,deleted,ed9bfb8
backend/src/modules/organizations/governance/pr/PR-101-admin-onboarding/PR_101_VERIFICATION_EVIDENCE.md,fix/admin-mount-pr101,deleted,ed9bfb8
backend/src/modules/organizations/governance/pr/PR-101-admin-onboarding/PR_BODY_TEMPLATE.md,fix/admin-mount-pr101,deleted,ed9bfb8
backend/src/modules/workflow-instances/workflow-instances.service.ts,fix/workflow-instance-terminal-start,modified,c83ec23
backend/tests/unit/workflow-instances/workflow-instances.service.spec.ts,fix/workflow-instance-terminal-start,added,c83ec23
